<application>
  <component name="DefaultFont">
    <option name="FONT_SIZE" value="12" />
    <option name="LINE_SPACING" value="1.5" />
  </component>
  <component name="EditorSettings">
    <option name="USE_SOFT_WRAPS" value="CONSOLE" />
    <option name="SOFT_WRAP_FILE_MASKS" value="*.md; *.txt; *.rst; *.adoc" />
    <option name="USE_CUSTOM_SOFT_WRAP_INDENT" value="true" />
    <option name="SHOW_QUICK_DOC_ON_MOUSE_OVER_ELEMENT" value="true" />
    <option name="QUICK_DOC_ON_MOUSE_OVER_DELAY_MS" value="2500" />
    <option name="IS_CAMEL_WORDS" value="true" />
    <option name="IS_WHEEL_FONTCHANGE_ENABLED" value="true" />
  </component>
</application>