<application>
  <component name="GeneralSettings">
    <option name="autoSaveIfInactive" value="true" />
    <option name="confirmOpenNewProject2" value="0" />
    <option name="defaultProjectDirectory" value="C:\xampp\htdocs" />
    <option name="inactiveTimeout" value="30" />
    <option name="supportScreenReaders" value="true" />
    <option name="autoSyncFiles" value="false" />
  </component>
  <component name="Registry">
    <entry key="documentation.show.toolbar" value="true" />
    <entry key="debugger.watches.in.variables" value="false" />
  </component>
</application>