<application>
  <component name="UISettings">
    <option name="COLOR_BLINDNESS" value="deuteranopia" />
    <option name="MAX_LOOKUP_LIST_HEIGHT" value="19" />
    <option name="MAX_LOOKUP_WIDTH2" value="646" />
    <option name="MOVE_MOUSE_ON_DEFAULT_BUTTON" value="true" />
    <option name="PIN_FIND_IN_PATH_POPUP" value="true" />
    <option name="SHOW_INPLACE_COMMENTS" value="true" />
    <option name="SHOW_MEMORY_INDICATOR" value="true" />
    <option name="showTreeIndentGuides" value="true" />
    <option name="CONTRAST_SCROLLBARS" value="true" />
    <option name="USE_SMALL_LABELS_ON_TABS" value="true" />
  </component>
</application>